<?xml version="1.0" encoding="utf-8"?>
<UANodeSet xmlns:xsi="http://www.w3.org/2001/XMLSchema-instance" xmlns:uax="http://opcfoundation.org/UA/2008/02/Types.xsd" xmlns="http://opcfoundation.org/UA/2011/03/UANodeSet.xsd" xmlns:s1="http://www.atlascopco.com/TighteningApplication/Types.xsd" xmlns:ua="http://unifiedautomation.com/Configuration/NodeSet.xsd" xmlns:xsd="http://www.w3.org/2001/XMLSchema">
    <NamespaceUris>
        <Uri>http://www.atlascopco.com/TighteningApplication/</Uri>
    </NamespaceUris>
    <Models>
        <Model ModelUri="http://www.atlascopco.com/TighteningApplication/" PublicationDate="2022-02-07T09:20:13Z" Version="1.0.0">
			<RequiredModel ModelUri="http://opcfoundation.org/UA/" Version="1.04.7" PublicationDate="2020-07-15T00:00:00Z" />
			<RequiredModel ModelUri="http://opcfoundation.org/UA/DI/" Version="1.03.0" PublicationDate="2021-03-09T00:00:00Z" />
			<RequiredModel ModelUri="http://opcfoundation.org/UA/Machinery/" Version="1.01.0" PublicationDate="2021-02-25T00:00:00Z" />
			<RequiredModel ModelUri="http://opcfoundation.org/UA/IJT/" Version="1.00.0" PublicationDate="2021-09-29T09:23:20Z" />
        </Model>
    </Models>
    <Aliases>
        <Alias Alias="Boolean">i=1</Alias>
        <Alias Alias="String">i=12</Alias>
        <Alias Alias="DateTime">i=13</Alias>
        <Alias Alias="HasTypeDefinition">i=40</Alias>
        <Alias Alias="HasProperty">i=46</Alias>
        <Alias Alias="HasComponent">i=47</Alias>
        <Alias Alias="IdType">i=256</Alias>
        <Alias Alias="NumericRange">i=291</Alias>
    </Aliases>
    <Extensions>
        <Extension>
            <ua:ModelInfo Tool="UaModeler" Hash="imrvypj7A4iZe7CEKZq62Q==" Version="1.6.5"/>
        </Extension>
    </Extensions>
    <UAObject SymbolicName="http___www_atlascopco_com_TighteningApplication_" NodeId="ns=1;i=5001" BrowseName="1:http://www.atlascopco.com/TighteningApplication/">
        <DisplayName>http://www.atlascopco.com/TighteningApplication/</DisplayName>
        <References>
            <Reference ReferenceType="HasProperty">ns=1;i=6001</Reference>
            <Reference ReferenceType="HasTypeDefinition">i=11616</Reference>
            <Reference ReferenceType="HasComponent" IsForward="false">i=11715</Reference>
            <Reference ReferenceType="HasProperty">ns=1;i=6002</Reference>
            <Reference ReferenceType="HasProperty">ns=1;i=6003</Reference>
            <Reference ReferenceType="HasProperty">ns=1;i=6004</Reference>
            <Reference ReferenceType="HasProperty">ns=1;i=6005</Reference>
            <Reference ReferenceType="HasProperty">ns=1;i=6006</Reference>
            <Reference ReferenceType="HasProperty">ns=1;i=6007</Reference>
        </References>
    </UAObject>
    <UAVariable DataType="Boolean" ParentNodeId="ns=1;i=5001" NodeId="ns=1;i=6001" BrowseName="IsNamespaceSubset">
        <DisplayName>IsNamespaceSubset</DisplayName>
        <References>
            <Reference ReferenceType="HasProperty" IsForward="false">ns=1;i=5001</Reference>
            <Reference ReferenceType="HasTypeDefinition">i=68</Reference>
        </References>
        <Value>
            <uax:Boolean>false</uax:Boolean>
        </Value>
    </UAVariable>
    <UAVariable DataType="DateTime" ParentNodeId="ns=1;i=5001" NodeId="ns=1;i=6002" BrowseName="NamespacePublicationDate">
        <DisplayName>NamespacePublicationDate</DisplayName>
        <References>
            <Reference ReferenceType="HasProperty" IsForward="false">ns=1;i=5001</Reference>
            <Reference ReferenceType="HasTypeDefinition">i=68</Reference>
        </References>
        <Value>
            <uax:DateTime>2022-02-07T09:20:13Z</uax:DateTime>
        </Value>
    </UAVariable>
    <UAVariable DataType="String" ParentNodeId="ns=1;i=5001" NodeId="ns=1;i=6003" BrowseName="NamespaceUri">
        <DisplayName>NamespaceUri</DisplayName>
        <References>
            <Reference ReferenceType="HasProperty" IsForward="false">ns=1;i=5001</Reference>
            <Reference ReferenceType="HasTypeDefinition">i=68</Reference>
        </References>
        <Value>
            <uax:String>http://www.atlascopco.com/TighteningApplication/</uax:String>
        </Value>
    </UAVariable>
    <UAVariable DataType="String" ParentNodeId="ns=1;i=5001" NodeId="ns=1;i=6004" BrowseName="NamespaceVersion">
        <DisplayName>NamespaceVersion</DisplayName>
        <References>
            <Reference ReferenceType="HasProperty" IsForward="false">ns=1;i=5001</Reference>
            <Reference ReferenceType="HasTypeDefinition">i=68</Reference>
        </References>
        <Value>
            <uax:String>1.0.0</uax:String>
        </Value>
    </UAVariable>
    <UAVariable DataType="IdType" ParentNodeId="ns=1;i=5001" ValueRank="1" NodeId="ns=1;i=6005" ArrayDimensions="0" BrowseName="StaticNodeIdTypes">
        <DisplayName>StaticNodeIdTypes</DisplayName>
        <References>
            <Reference ReferenceType="HasTypeDefinition">i=68</Reference>
            <Reference ReferenceType="HasProperty" IsForward="false">ns=1;i=5001</Reference>
        </References>
    </UAVariable>
    <UAVariable DataType="NumericRange" ParentNodeId="ns=1;i=5001" ValueRank="1" NodeId="ns=1;i=6006" ArrayDimensions="0" BrowseName="StaticNumericNodeIdRange">
        <DisplayName>StaticNumericNodeIdRange</DisplayName>
        <References>
            <Reference ReferenceType="HasTypeDefinition">i=68</Reference>
            <Reference ReferenceType="HasProperty" IsForward="false">ns=1;i=5001</Reference>
        </References>
    </UAVariable>
    <UAVariable DataType="String" ParentNodeId="ns=1;i=5001" NodeId="ns=1;i=6007" BrowseName="StaticStringNodeIdPattern">
        <DisplayName>StaticStringNodeIdPattern</DisplayName>
        <References>
            <Reference ReferenceType="HasTypeDefinition">i=68</Reference>
            <Reference ReferenceType="HasProperty" IsForward="false">ns=1;i=5001</Reference>
        </References>
    </UAVariable>
</UANodeSet>
